"","source","target","flow"
"1","Aalborg","Eindhoven",1
"2","Aalborg","Helsinki",4
"3","Aalborg","Munchen",3
"4","Aalborg","Stockholm",1
"5","Aarhus","London",2
"6","Amsterdam","Amsterdam",40
"7","Amsterdam","Anvers",1
"8","Amsterdam","Berlin",1
"9","Amsterdam","Birmingham",1
"10","Amsterdam","Bordeaux",1
"11","Amsterdam","Bremen",1
"12","Amsterdam","Brest",1
"13","Amsterdam","Cologne",4
"14","Amsterdam","Den Haag",1
"15","Amsterdam","Eindhoven",13
"16","Amsterdam","Frankfurt",5
"17","Amsterdam","Hamburg",1
"18","Amsterdam","Hannover",1
"19","Amsterdam","Helsinki",14
"20","Amsterdam","Liverpool",1
"21","Amsterdam","London",19
"22","Amsterdam","Milano",5
"23","Amsterdam","Munchen",33
"24","Amsterdam","Nice",1
"25","Amsterdam","Nurnberg",5
"26","Amsterdam","Paris",29
"27","Amsterdam","Southampton",1
"28","Amsterdam","Stockholm",9
"29","Amsterdam","Stuttgart",25
"30","Amsterdam","Torino",3
"31","Amsterdam","Toulouse",1
"32","Amsterdam","Zurich",2
"33","Ancona","Ancona",1
"34","Ancona","Munchen",1
"35","Annecy","Annecy",15
"36","Annecy","Berlin",2
"37","Annecy","Bologna",1
"38","Annecy","Dublin",1
"39","Annecy","Eindhoven",2
"40","Annecy","Erfurt",1
"41","Annecy","Frankfurt",1
"42","Annecy","Lille",1
"43","Annecy","Malaga",1
"44","Annecy","Milano",2
"45","Annecy","Munchen",2
"46","Annecy","Paris",3
"47","Annecy","Stuttgart",2
"48","Annecy","Zurich",3
"49","Anvers","Amsterdam",1
"50","Anvers","Anvers",35
"51","Anvers","Cologne",3
"52","Anvers","Copenhague",1
"53","Anvers","Eindhoven",4
"54","Anvers","Gand",2
"55","Anvers","Gloucester",1
"56","Anvers","Hamburg",2
"57","Anvers","Kiel",3
"58","Anvers","Liverpool",1
"59","Anvers","London",2
"60","Anvers","Mannheim",1
"61","Anvers","Milano",1
"62","Anvers","Munchen",5
"63","Anvers","Paderborn",1
"64","Anvers","Paris",8
"65","Anvers","Stuttgart",3
"66","Anvers","Zurich",1
"67","Athens","Eindhoven",2
"68","Athens","London",3
"69","Athens","Paris",2
"70","Augsburg","Goteborg",2
"71","Augsburg","Zurich",2
"72","Baden-Baden","Amsterdam",1
"73","Baden-Baden","Berne",1
"74","Baden-Baden","Erfurt",1
"75","Baden-Baden","Paris",1
"76","Baden-Baden","Zurich",1
"77","Bad Kreuznach","Munster",1
"78","Bale","Bale",16
"79","Bale","Berne",3
"80","Bale","Catania",1
"81","Bale","Essen",1
"82","Bale","Frankfurt",2
"83","Bale","London",3
"84","Bale","Munchen",3
"85","Bale","Paris",6
"86","Bale","Stuttgart",3
"87","Bale","Tours",1
"88","Bale","Turku",1
"89","Bale","Vasteras",2
"90","Bale","Wien",1
"91","Barcelone","Barcelone",2
"92","Barcelone","Berlin",1
"93","Barcelone","Cologne",1
"94","Barcelone","Eindhoven",1
"95","Barcelone","Genova",1
"96","Barcelone","Helsinki",8
"97","Barcelone","London",4
"98","Barcelone","Mannheim",1
"99","Barcelone","Munchen",5
"100","Barcelone","Oulu",2
"101","Barcelone","Paris",4
"102","Barcelone","Roma",1
"103","Barcelone","San Sebastian",1
"104","Barcelone","Southampton",1
"105","Barcelone","Stockholm",1
"106","Berlin","Amsterdam",2
"107","Berlin","Augsburg",1
"108","Berlin","Bale",1
"109","Berlin","Berlin",33
"110","Berlin","Berne",2
"111","Berlin","Birmingham",2
"112","Berlin","Cologne",7
"113","Berlin","Den Haag",1
"114","Berlin","Eindhoven",5
"115","Berlin","Enschede",1
"116","Berlin","Essen",4
"117","Berlin","Frankfurt",6
"118","Berlin","Freiburg",1
"119","Berlin","Groningen",1
"120","Berlin","Hamburg",2
"121","Berlin","Hannover",4
"122","Berlin","Helsinki",28
"123","Berlin","Karlsruhe",2
"124","Berlin","Leicester-Nottingham",1
"125","Berlin","London",8
"126","Berlin","Malmo",2
"127","Berlin","Mannheim",1
"128","Berlin","Milano",3
"129","Berlin","Munchen",23
"130","Berlin","Nice",2
"131","Berlin","Nurnberg",2
"132","Berlin","Paris",19
"133","Berlin","Parma",1
"134","Berlin","Rouen",1
"135","Berlin","Rzeszow",1
"136","Berlin","Southampton",1
"137","Berlin","Stockholm",7
"138","Berlin","Stuttgart",7
"139","Berlin","Turku",4
"140","Berne","Amsterdam",1
"141","Berne","Anvers",2
"142","Berne","Berlin",1
"143","Berne","Berne",31
"144","Berne","Birmingham",2
"145","Berne","Bremen",1
"146","Berne","Cologne",3
"147","Berne","Den Haag",1
"148","Berne","Dortmund",1
"149","Berne","Dusseldorf",1
"150","Berne","Eindhoven",2
"151","Berne","Frankfurt",1
"152","Berne","Grenoble",1
"153","Berne","Groningen",1
"154","Berne","Hannover",1
"155","Berne","Helsinki",10
"156","Berne","Leeds",1
"157","Berne","London",6
"158","Berne","Malmo",1
"159","Berne","Milano",1
"160","Berne","Munchen",10
"161","Berne","Paris",8
"162","Berne","Stuttgart",4
"163","Berne","Wien",1
"164","Berne","Zurich",1
"165","Besancon","Hannover",1
"166","Besancon","Paris",1
"167","Bilbao","Hannover",1
"168","Bilbao","Karlsruhe",1
"169","Bilbao","Paris",1
"170","Bilbao","Zaragoza",1
"171","Birmingham","Amsterdam",13
"172","Birmingham","Anvers",1
"173","Birmingham","Birmingham",10
"174","Birmingham","Camborne-Redruth",1
"175","Birmingham","Cardiff",1
"176","Birmingham","Den Haag",1
"177","Birmingham","Eindhoven",4
"178","Birmingham","Leeds",1
"179","Birmingham","London",10
"180","Birmingham","Milano",1
"181","Birmingham","Munchen",10
"182","Birmingham","Paris",8
"183","Birmingham","Southampton",2
"184","Birmingham","Stuttgart",7
"185","Birmingham","Turku",1
"186","Birmingham","Zurich",1
"187","Bologna","Firenze",1
"188","Bologna","London",1
"189","Bologna","Paris",1
"190","Bologna","Stuttgart",1
"191","Bolzano","Munchen",1
"192","Bordeaux","Berlin",1
"193","Bordeaux","Erfurt",1
"194","Bournemouth","London",1
"195","Braunschweig","Bale",1
"196","Braunschweig","Cologne",2
"197","Braunschweig","Eindhoven",1
"198","Braunschweig","Frankfurt",1
"199","Braunschweig","Karlsruhe",1
"200","Braunschweig","Munchen",3
"201","Braunschweig","Paris",1
"202","Braunschweig","Parma",1
"203","Braunschweig","Stockholm",3
"204","Braunschweig","Stuttgart",4
"205","Bregenz","Barcelone",1
"206","Bregenz","Bologna",1
"207","Bregenz","Helsinki",4
"208","Bregenz","La Coruna",1
"209","Bregenz","London",1
"210","Bremen","Bremen",1
"211","Bremen","Dortmund",1
"212","Bremen","Paris",1
"213","Bremen","Stuttgart",1
"214","Brest","Brest",2
"215","Brest","Eindhoven",2
"216","Brest","Frankfurt",3
"217","Brest","Freiburg",1
"218","Brest","Hamburg",1
"219","Brest","Milano",1
"220","Brest","Paderborn",1
"221","Brest","Paris",7
"222","Brest","Stockholm",2
"223","Brest","Stuttgart",3
"224","Brighton","Cologne",1
"225","Brighton","Freiburg",1
"226","Brighton","Paris",1
"227","Brighton","Stuttgart",2
"228","Brighton","Utrecht",1
"229","Bristol","Bristol",1
"230","Bristol","Helsinki",2
"231","Bristol","London",1
"232","Bristol","Milano",1
"233","Bristol","Southampton",2
"234","Bruxelles","Bruxelles",16
"235","Bruxelles","Courtrai",1
"236","Bruxelles","Helsinki",6
"237","Bruxelles","Milano",3
"238","Bruxelles","Munchen",2
"239","Bruxelles","Paris",10
"240","Bruxelles","Stuttgart",1
"241","Bruxelles","Turku",2
"242","Budapest","Budapest",1
"243","Calais","Calais",1
"244","Cambridge","Berlin",1
"245","Cambridge","Birmingham",1
"246","Cambridge","Cambridge",6
"247","Cambridge","Freiburg",2
"248","Cambridge","Helsinki",14
"249","Cambridge","London",3
"250","Cambridge","Malmo",1
"251","Cambridge","Munchen",2
"252","Cambridge","Ostende-Bruges",1
"253","Cambridge","Roma",2
"254","Cambridge","Saarbrucken",1
"255","Cambridge","Schwerin",1
"256","Cambridge","Stuttgart",2
"257","Cambridge","Toulouse",1
"258","Cambridge","Turku",1
"259","Cardiff","Barcelone",1
"260","Cardiff","Copenhague",1
"261","Cardiff","Essen",1
"262","Cardiff","Milano",1
"263","Cardiff","Paris",1
"264","Cardiff","Stuttgart",1
"265","Cardiff","Zurich",1
"266","Chalon-sur-Saone","Wien",1
"267","Chambery","Chambery",2
"268","Chambery","Grenoble",1
"269","Chambery","Helsinki",4
"270","Chambery","Malmo",2
"271","Charleroi","Eindhoven",1
"272","Charleroi","Milano",2
"273","Cherbourg","Berne",1
"274","Cherbourg","Paris",1
"275","Clermont-Ferrand","Clermont-Ferrand",3
"276","Clermont-Ferrand","Eindhoven",1
"277","Clermont-Ferrand","Geneve",3
"278","Clermont-Ferrand","Munchen",1
"279","Clermont-Ferrand","Paris",1
"280","Clermont-Ferrand","Toulouse",3
"281","Cologne","Aalborg",1
"282","Cologne","Amsterdam",3
"283","Cologne","Anvers",1
"284","Cologne","Berlin",3
"285","Cologne","Berne",1
"286","Cologne","Birmingham",1
"287","Cologne","Charleroi",2
"288","Cologne","Cologne",28
"289","Cologne","Den Haag",2
"290","Cologne","Dortmund",3
"291","Cologne","Dublin",1
"292","Cologne","Dusseldorf",2
"293","Cologne","Eindhoven",6
"294","Cologne","Essen",1
"295","Cologne","Frankfurt",5
"296","Cologne","Freiburg",2
"297","Cologne","Geneve",1
"298","Cologne","Grenoble",1
"299","Cologne","Groningen",2
"300","Cologne","Hamburg",5
"301","Cologne","Hannover",9
"302","Cologne","Helsinki",22
"303","Cologne","Ingolstadt",2
"304","Cologne","Karlsruhe",3
"305","Cologne","Kiel",1
"306","Cologne","Leeds",2
"307","Cologne","London",7
"308","Cologne","Malmo",2
"309","Cologne","Manchester",1
"310","Cologne","Mannheim",1
"311","Cologne","Marseille",2
"312","Cologne","Milano",7
"313","Cologne","Munchen",26
"314","Cologne","Nice",1
"315","Cologne","Nurnberg",6
"316","Cologne","Paris",36
"317","Cologne","Roma",1
"318","Cologne","Salzburg",1
"319","Cologne","Stockholm",6
"320","Cologne","Stuttgart",7
"321","Cologne","Turku",3
"322","Cologne","Valencia",3
"323","Cologne","Wien",1
"324","Cologne","Zaragoza",1
"325","Cologne","Zurich",4
"326","Copenhague","Aalborg",2
"327","Copenhague","Copenhague",17
"328","Copenhague","Eindhoven",2
"329","Copenhague","Geneve",8
"330","Copenhague","Helsinki",10
"331","Copenhague","London",1
"332","Copenhague","Milano",1
"333","Copenhague","Munchen",2
"334","Copenhague","Nurnberg",7
"335","Copenhague","Pamplona",1
"336","Copenhague","Paris",3
"337","Copenhague","Zurich",1
"338","Cork","Bruxelles",1
"339","Cork","Gand",1
"340","Cork","Munchen",1
"341","Courtrai","Courtrai",2
"342","Courtrai","La Coruna",1
"343","Courtrai","Mannheim",1
"344","Den Haag","Aberdeen",1
"345","Den Haag","Amsterdam",4
"346","Den Haag","Anvers",1
"347","Den Haag","Bale",1
"348","Den Haag","Berlin",7
"349","Den Haag","Berne",1
"350","Den Haag","Bruxelles",1
"351","Den Haag","Den Haag",15
"352","Den Haag","Eindhoven",11
"353","Den Haag","Frankfurt",1
"354","Den Haag","Groningen",2
"355","Den Haag","Hamburg",2
"356","Den Haag","Helsinki",4
"357","Den Haag","Liege",1
"358","Den Haag","London",3
"359","Den Haag","Milano",4
"360","Den Haag","Munchen",13
"361","Den Haag","Napoli",4
"362","Den Haag","Paris",24
"363","Den Haag","Stockholm",2
"364","Den Haag","Stuttgart",2
"365","Den Haag","Turku",1
"366","Den Haag","Zurich",2
"367","Dortmund","Berlin",1
"368","Dortmund","Berne",1
"369","Dortmund","Dortmund",1
"370","Dortmund","Hannover",1
"371","Dortmund","Helsinki",2
"372","Dortmund","Munchen",5
"373","Dortmund","Nurnberg",1
"374","Dortmund","Stuttgart",1
"375","Dresden","Bruxelles",2
"376","Dresden","Eindhoven",3
"377","Dresden","Frankfurt",1
"378","Dresden","London",3
"379","Dresden","Paris",3
"380","Dresden","Zurich",1
"381","Dublin","Dublin",4
"382","Dublin","Frankfurt",1
"383","Dublin","Helsinki",2
"384","Dublin","Munchen",2
"385","Dublin","Paris",1
"386","Dublin","Southampton",2
"387","Dublin","Utrecht",1
"388","Dusseldorf","Amsterdam",1
"389","Dusseldorf","Anvers",1
"390","Dusseldorf","Bad Kreuznach",1
"391","Dusseldorf","Barcelone",1
"392","Dusseldorf","Berlin",1
"393","Dusseldorf","Berne",2
"394","Dusseldorf","Dortmund",1
"395","Dusseldorf","Dusseldorf",20
"396","Dusseldorf","Eindhoven",2
"397","Dusseldorf","Enschede",1
"398","Dusseldorf","Frankfurt",1
"399","Dusseldorf","Hannover",27
"400","Dusseldorf","Helsinki",24
"401","Dusseldorf","Kiel",1
"402","Dusseldorf","London",5
"403","Dusseldorf","Lubeck",1
"404","Dusseldorf","Madrid",2
"405","Dusseldorf","Malmo",2
"406","Dusseldorf","Marseille",1
"407","Dusseldorf","Milano",1
"408","Dusseldorf","Munchen",8
"409","Dusseldorf","Oulu",1
"410","Dusseldorf","Paris",16
"411","Dusseldorf","Stockholm",2
"412","Dusseldorf","Stuttgart",5
"413","Dusseldorf","Turku",2
"414","Edinburgh","Berne",1
"415","Edinburgh","Edinburgh",1
"416","Edinburgh","Eindhoven",2
"417","Edinburgh","London",2
"418","Edinburgh","Paris",5
"419","Edinburgh","Rennes",4
"420","Edinburgh","Stuttgart",2
"421","Eindhoven","Amsterdam",17
"422","Eindhoven","Annecy",2
"423","Eindhoven","Anvers",6
"424","Eindhoven","Berlin",8
"425","Eindhoven","Berne",1
"426","Eindhoven","Birmingham",3
"427","Eindhoven","Bruxelles",3
"428","Eindhoven","Cambridge",1
"429","Eindhoven","Charleroi",2
"430","Eindhoven","Cologne",5
"431","Eindhoven","Copenhague",1
"432","Eindhoven","Den Haag",4
"433","Eindhoven","Dublin",1
"434","Eindhoven","Eindhoven",145
"435","Eindhoven","Essen",2
"436","Eindhoven","Frankfurt",8
"437","Eindhoven","Freiburg",7
"438","Eindhoven","Geneve",1
"439","Eindhoven","Goteborg",1
"440","Eindhoven","Hamburg",26
"441","Eindhoven","Hannover",10
"442","Eindhoven","Helsinki",34
"443","Eindhoven","Karlsruhe",5
"444","Eindhoven","Kiel",3
"445","Eindhoven","Leeds",1
"446","Eindhoven","London",54
"447","Eindhoven","Maastricht",1
"448","Eindhoven","Malmo",1
"449","Eindhoven","Mannheim",1
"450","Eindhoven","Milano",4
"451","Eindhoven","Munchen",48
"452","Eindhoven","Nantes",1
"453","Eindhoven","Nurnberg",6
"454","Eindhoven","Oulu",3
"455","Eindhoven","Paderborn",2
"456","Eindhoven","Paris",96
"457","Eindhoven","Roma",1
"458","Eindhoven","Saint-Brieuc",13
"459","Eindhoven","Salzburg",1
"460","Eindhoven","Stockholm",10
"461","Eindhoven","Stuttgart",27
"462","Eindhoven","Swindon",2
"463","Eindhoven","Torino",4
"464","Eindhoven","Toulouse",1
"465","Eindhoven","Turku",18
"466","Eindhoven","Valencia",2
"467","Eindhoven","Vasteras",1
"468","Eindhoven","Wien",3
"469","Eindhoven","Zurich",5
"470","Emden","Hamburg",1
"471","Enschede","Cambridge",2
"472","Enschede","Eindhoven",1
"473","Enschede","Enschede",6
"474","Enschede","London",4
"475","Enschede","Munchen",2
"476","Enschede","Paris",5
"477","Enschede","Zurich",1
"478","Erfurt","Erfurt",1
"479","Erfurt","Gand",1
"480","Erfurt","Grenoble",1
"481","Erfurt","London",1
"482","Erfurt","Mannheim",1
"483","Erfurt","Munchen",5
"484","Erfurt","Paris",1
"485","Erfurt","Stuttgart",1
"486","Erfurt","Swindon",1
"487","Esbjerg","Hamburg",1
"488","Essen","Amsterdam",1
"489","Essen","Bale",2
"490","Essen","Essen",21
"491","Essen","Freiburg",1
"492","Essen","London",1
"493","Essen","Maastricht",1
"494","Essen","Munchen",4
"495","Essen","Paderborn",1
"496","Essen","Stuttgart",1
"497","Essen","Udine",1
"498","Essen","Valence",1
"499","Essen","Zurich",1
"500","Exeter","Venezia",2
"501","Firenze","Copenhague",1
"502","Floro","Helsinki",4
"503","Foggia","Paris",1
"504","Forli","Forli",1
"505","Frankfurt","Amsterdam",3
"506","Frankfurt","Anvers",2
"507","Frankfurt","Belfast",1
"508","Frankfurt","Berlin",6
"509","Frankfurt","Besancon",1
"510","Frankfurt","Braunschweig",1
"511","Frankfurt","Bruxelles",2
"512","Frankfurt","Cologne",3
"513","Frankfurt","Den Haag",2
"514","Frankfurt","Dortmund",3
"515","Frankfurt","Eindhoven",2
"516","Frankfurt","Enschede",1
"517","Frankfurt","Essen",3
"518","Frankfurt","Frankfurt",31
"519","Frankfurt","Freiburg",1
"520","Frankfurt","Geneve",1
"521","Frankfurt","Graz",3
"522","Frankfurt","Hamburg",2
"523","Frankfurt","Hannover",2
"524","Frankfurt","Helsinki",14
"525","Frankfurt","Kassel",1
"526","Frankfurt","Kiel",3
"527","Frankfurt","Logrono",1
"528","Frankfurt","London",2
"529","Frankfurt","Madrid",1
"530","Frankfurt","Manchester",1
"531","Frankfurt","Mannheim",3
"532","Frankfurt","Milano",3
"533","Frankfurt","Munchen",50
"534","Frankfurt","Napoli",1
"535","Frankfurt","Nurnberg",3
"536","Frankfurt","Oxford",1
"537","Frankfurt","Paderborn",2
"538","Frankfurt","Pamplona",3
"539","Frankfurt","Paris",25
"540","Frankfurt","Roma",2
"541","Frankfurt","Siegen",1
"542","Frankfurt","Stockholm",2
"543","Frankfurt","Stuttgart",16
"544","Frankfurt","Torino",5
"545","Frankfurt","Wien",1
"546","Frankfurt","Zurich",4
"547","Freiburg","Bale",4
"548","Freiburg","Berlin",1
"549","Freiburg","Bregenz",1
"550","Freiburg","Cambridge",1
"551","Freiburg","Eindhoven",6
"552","Freiburg","Essen",1
"553","Freiburg","Frankfurt",2
"554","Freiburg","Freiburg",12
"555","Freiburg","Goteborg",1
"556","Freiburg","Hamburg",3
"557","Freiburg","Hannover",8
"558","Freiburg","Helsinki",4
"559","Freiburg","London",4
"560","Freiburg","Mannheim",1
"561","Freiburg","Memmingen",1
"562","Freiburg","Munchen",8
"563","Freiburg","Nurnberg",2
"564","Freiburg","Paris",9
"565","Freiburg","Stockholm",1
"566","Freiburg","Stuttgart",2
"567","Freiburg","Torino",1
"568","Freiburg","Turku",2
"569","Freiburg","Zurich",3
"570","Friedrichshafen","Braunschweig",1
"571","Friedrichshafen","Eindhoven",1
"572","Friedrichshafen","Friedrichshafen",3
"573","Friedrichshafen","Helsinki",2
"574","Friedrichshafen","Munchen",1
"575","Friedrichshafen","Nurnberg",1
"576","Friedrichshafen","Paris",2
"577","Friedrichshafen","Torino",2
"578","Friedrichshafen","Zurich",1
"579","Gand","Gand",3
"580","Gand","London",3
"581","Gand","Mannheim",1
"582","Gand","Milano",1
"583","Gand","Munchen",1
"584","Gand","Paris",5
"585","Gand","Stockholm",1
"586","Gand","Turku",1
"587","Geneve","Amsterdam",1
"588","Geneve","Berne",2
"589","Geneve","Bourges",1
"590","Geneve","Bruxelles",2
"591","Geneve","Clermont-Ferrand",3
"592","Geneve","Copenhague",1
"593","Geneve","Dortmund",2
"594","Geneve","Eindhoven",3
"595","Geneve","Frankfurt",1
"596","Geneve","Geneve",15
"597","Geneve","Grenoble",2
"598","Geneve","Halmstad",1
"599","Geneve","Helsinki",10
"600","Geneve","London",3
"601","Geneve","Malmo",1
"602","Geneve","Marseille",2
"603","Geneve","Milano",1
"604","Geneve","Munchen",5
"605","Geneve","Nice",1
"606","Geneve","Oulu",2
"607","Geneve","Paris",6
"608","Geneve","Roma",2
"609","Geneve","Stockholm",3
"610","Geneve","Stuttgart",1
"611","Geneve","Toulouse",3
"612","Geneve","Valence",1
"613","Geneve","Zurich",1
"614","Genova","Berne",1
"615","Genova","Paris",1
"616","Genova","Stockholm",1
"617","Gloucester","Gloucester",6
"618","Gloucester","Hannover",1
"619","Gloucester","Leicester-Nottingham",1
"620","Gloucester","London",1
"621","Gloucester","Munster",1
"622","Gloucester","Paris",4
"623","Goteborg","Goteborg",1
"624","Goteborg","Helsinki",2
"625","Goteborg","Mannheim",1
"626","Goteborg","Paris",2
"627","Goteborg","Stuttgart",1
"628","Granada","Brighton",1
"629","Granada","Exeter",1
"630","Graz","Berlin",1
"631","Graz","Eindhoven",3
"632","Graz","Munchen",2
"633","Graz","Zurich",1
"634","Grenoble","Annecy",1
"635","Grenoble","Grenoble",1
"636","Grenoble","Madrid",1
"637","Grenoble","Munchen",2
"638","Grenoble","Nice",1
"639","Grenoble","Paris",2
"640","Grenoble","Stuttgart",1
"641","Groningen","Amsterdam",1
"642","Groningen","Anvers",1
"643","Groningen","Berne",1
"644","Groningen","Birmingham",1
"645","Groningen","Den Haag",8
"646","Groningen","Eindhoven",4
"647","Groningen","Essen",1
"648","Groningen","Groningen",1
"649","Groningen","Hamburg",1
"650","Groningen","Mannheim",1
"651","Groningen","Munchen",1
"652","Groningen","Paris",1
"653","Groningen","Stuttgart",1
"654","Hamburg","Amsterdam",5
"655","Hamburg","Anvers",1
"656","Hamburg","Berlin",2
"657","Hamburg","Berne",1
"658","Hamburg","Birmingham",1
"659","Hamburg","Bruxelles",2
"660","Hamburg","Cologne",3
"661","Hamburg","Dublin",1
"662","Hamburg","Dusseldorf",1
"663","Hamburg","Eindhoven",33
"664","Hamburg","Frankfurt",1
"665","Hamburg","Freiburg",1
"666","Hamburg","Hamburg",21
"667","Hamburg","Hannover",1
"668","Hamburg","Helsinki",20
"669","Hamburg","Karlsruhe",1
"670","Hamburg","Kiel",1
"671","Hamburg","Leeds",1
"672","Hamburg","London",9
"673","Hamburg","Munchen",17
"674","Hamburg","Nurnberg",1
"675","Hamburg","Ostende-Bruges",1
"676","Hamburg","Oulu",1
"677","Hamburg","Paris",21
"678","Hamburg","Stockholm",1
"679","Hamburg","Stuttgart",15
"680","Hamburg","Toulouse",1
"681","Hamburg","Turku",3
"682","Hamburg","Vasteras",1
"683","Hamburg","Wien",1
"684","Hamburg","Zurich",3
"685","Hannover","Anvers",1
"686","Hannover","Bale",1
"687","Hannover","Berlin",2
"688","Hannover","Berne",1
"689","Hannover","Birmingham",1
"690","Hannover","Bruxelles",2
"691","Hannover","Cologne",2
"692","Hannover","Dortmund",1
"693","Hannover","Dusseldorf",1
"694","Hannover","Eindhoven",9
"695","Hannover","Enschede",1
"696","Hannover","Exeter",1
"697","Hannover","Frankfurt",6
"698","Hannover","Freiburg",4
"699","Hannover","Hannover",52
"700","Hannover","Karlsruhe",3
"701","Hannover","Kiel",1
"702","Hannover","London",3
"703","Hannover","Manchester",1
"704","Hannover","Mannheim",1
"705","Hannover","Munchen",15
"706","Hannover","Nurnberg",8
"707","Hannover","Paris",9
"708","Hannover","Saint-Gall",1
"709","Hannover","Southampton",1
"710","Hannover","Stockholm",3
"711","Hannover","Stuttgart",13
"712","Hannover","Torino",1
"713","Hannover","Zurich",2
"714","Helsinki","Alicante",2
"715","Helsinki","Amsterdam",8
"716","Helsinki","Berlin",6
"717","Helsinki","Berne",18
"718","Helsinki","Birmingham",4
"719","Helsinki","Bristol",4
"720","Helsinki","Bruxelles",6
"721","Helsinki","Cambridge",2
"722","Helsinki","Cardiff",2
"723","Helsinki","Charleroi",2
"724","Helsinki","Cologne",10
"725","Helsinki","Den Haag",4
"726","Helsinki","Dublin",2
"727","Helsinki","Dusseldorf",6
"728","Helsinki","Eindhoven",36
"729","Helsinki","Essen",4
"730","Helsinki","Frankfurt",12
"731","Helsinki","Hamburg",10
"732","Helsinki","Hannover",2
"733","Helsinki","Helsinki",740
"734","Helsinki","Karlsruhe",6
"735","Helsinki","London",60
"736","Helsinki","Lubeck",4
"737","Helsinki","Madrid",4
"738","Helsinki","Malmo",10
"739","Helsinki","Manchester",2
"740","Helsinki","Mannheim",4
"741","Helsinki","Marseille",2
"742","Helsinki","Milano",14
"743","Helsinki","Munchen",96
"744","Helsinki","Nice",4
"745","Helsinki","Nurnberg",2
"746","Helsinki","Oulu",20
"747","Helsinki","Paris",106
"748","Helsinki","Southampton",4
"749","Helsinki","Stockholm",54
"750","Helsinki","Stuttgart",24
"751","Helsinki","Swindon",14
"752","Helsinki","Torino",2
"753","Helsinki","Toulouse",2
"754","Helsinki","Turku",108
"755","Helsinki","Zurich",10
"756","Ingolstadt","Birmingham",1
"757","Ingolstadt","Helsinki",2
"758","Ingolstadt","Nurnberg",1
"759","Ingolstadt","Stuttgart",1
"760","Innsbruck","Anvers",1
"761","Innsbruck","Innsbruck",3
"762","Jyvaskyla","Bale",1
"763","Karlsruhe","Amsterdam",2
"764","Karlsruhe","Baden-Baden",2
"765","Karlsruhe","Berlin",2
"766","Karlsruhe","Birmingham",1
"767","Karlsruhe","Cologne",2
"768","Karlsruhe","Dusseldorf",1
"769","Karlsruhe","Eindhoven",8
"770","Karlsruhe","Frankfurt",1
"771","Karlsruhe","Freiburg",1
"772","Karlsruhe","Hannover",9
"773","Karlsruhe","Helsinki",2
"774","Karlsruhe","Ingolstadt",1
"775","Karlsruhe","Karlsruhe",13
"776","Karlsruhe","London",4
"777","Karlsruhe","Milano",1
"778","Karlsruhe","Munchen",11
"779","Karlsruhe","Nurnberg",2
"780","Karlsruhe","Paris",4
"781","Karlsruhe","Stockholm",2
"782","Karlsruhe","Stuttgart",9
"783","Kassel","Kassel",1
"784","Kassel","Paris",1
"785","Katowice","Katowice",1
"786","Katowice","Munchen",1
"787","Kiel","Frankfurt",1
"788","Kiel","Kiel",10
"789","Kiel","Leicester-Nottingham",1
"790","Kiel","London",7
"791","Kiel","Manchester",1
"792","Kiel","Milano",1
"793","Kiel","Munchen",3
"794","Kiel","Paris",2
"795","Kiel","Stuttgart",1
"796","Kiel","Torino",1
"797","Kiel","Toulon",2
"798","Kiel","Wien",1
"799","La Coruna","La Coruna",10
"800","La Coruna","London",1
"801","La Coruna","Lugano",1
"802","La Coruna","Milano",2
"803","La Coruna","Munchen",1
"804","La Coruna","Paris",2
"805","La Coruna","San Sebastian",1
"806","Leeds","Birmingham",1
"807","Leeds","Freiburg",3
"808","Leeds","Leeds",4
"809","Leeds","London",1
"810","Leeds","Oulu",1
"811","Leeds","Paris",3
"812","Leeds","Poitiers",1
"813","Leeds","Stockholm",2
"814","Leeds","Stuttgart",5
"815","Leeds","Swindon",1
"816","Leeds","Zurich",2
"817","Leicester-Nottingham","Edinburgh",1
"818","Leicester-Nottingham","Munchen",3
"819","Leicester-Nottingham","Southampton",1
"820","Leipzig","Paris",1
"821","Liege","Grenoble",1
"822","Liege","Munchen",2
"823","Liege","Zurich",1
"824","Lille","Annecy",1
"825","Lille","Bregenz",1
"826","Lille","Lille",2
"827","Lille","Paris",1
"828","Limoges","Augsburg",1
"829","Limoges","Cologne",1
"830","Limoges","Zurich",1
"831","Linkoping","Enschede",1
"832","Linkoping","Linkoping",3
"833","Linkoping","London",1
"834","Linkoping","Munchen",1
"835","Linkoping","Paris",2
"836","Linkoping","Wien",2
"837","Linz","Dortmund",2
"838","Linz","Linz",3
"839","Lisboa","Charleroi",1
"840","Lisboa","London",2
"841","Lisboa","Munchen",1
"842","Liverpool","Cologne",1
"843","Liverpool","Liverpool",2
"844","Liverpool","London",1
"845","Liverpool","Paris",1
"846","Liverpool","Stuttgart",2
"847","Lodz","Paris",1
"848","London","Aalborg",2
"849","London","Amsterdam",4
"850","London","Anvers",4
"851","London","Bale",1
"852","London","Berlin",4
"853","London","Berne",1
"854","London","Birmingham",2
"855","London","Bristol",1
"856","London","Bruxelles",1
"857","London","Budapest",1
"858","London","Cambridge",2
"859","London","Cologne",1
"860","London","Den Haag",6
"861","London","Dortmund",2
"862","London","Dublin",1
"863","London","Dusseldorf",1
"864","London","Eindhoven",30
"865","London","Enschede",2
"866","London","Frankfurt",5
"867","London","Friedrichshafen",1
"868","London","Geneve",2
"869","London","Goteborg",1
"870","London","Hamburg",4
"871","London","Hannover",4
"872","London","Helsinki",24
"873","London","Karlsruhe",1
"874","London","Kiel",7
"875","London","Leeds",1
"876","London","London",135
"877","London","Madrid",1
"878","London","Malmo",1
"879","London","Manchester",4
"880","London","Milano",3
"881","London","Munchen",32
"882","London","Nice",2
"883","London","Nurnberg",1
"884","London","Oxford",2
"885","London","Paderborn",1
"886","London","Paris",76
"887","London","Parma",1
"888","London","Rennes",1
"889","London","Roma",3
"890","London","Saint-Brieuc",6
"891","London","Saint-Gall",1
"892","London","Southampton",11
"893","London","Stockholm",9
"894","London","Strasbourg",1
"895","London","Stuttgart",25
"896","London","Torino",11
"897","London","Turku",6
"898","London","Vasteras",1
"899","London","Warszawa",1
"900","London","Zaragoza",2
"901","London","Zurich",2
"902","Lorient","Paris",1
"903","Lubeck","Frankfurt",2
"904","Lubeck","Lubeck",1
"905","Lugano","Copenhague",2
"906","Lugano","Lugano",1
"907","Lyon","Karlsruhe",2
"908","Lyon","Lyon",2
"909","Lyon","Munchen",1
"910","Lyon","Siegen",1
"911","Lyon","Turku",1
"912","Maastricht","Bale",1
"913","Maastricht","Paris",1
"914","Madrid","Barcelone",2
"915","Madrid","Berne",2
"916","Madrid","Cologne",1
"917","Madrid","Eindhoven",2
"918","Madrid","Helsinki",2
"919","Madrid","London",2
"920","Madrid","Madrid",5
"921","Madrid","Manchester",2
"922","Madrid","Munchen",2
"923","Madrid","Paris",4
"924","Madrid","Roma",1
"925","Madrid","Stockholm",1
"926","Madrid","Turku",1
"927","Madrid","Udine",2
"928","Malaga","Annecy",1
"929","Malaga","Birmingham",1
"930","Malmo","Bale",1
"931","Malmo","Berlin",5
"932","Malmo","Berne",1
"933","Malmo","Cologne",2
"934","Malmo","Dusseldorf",1
"935","Malmo","Eindhoven",5
"936","Malmo","Geneve",1
"937","Malmo","Groningen",1
"938","Malmo","Helsinki",86
"939","Malmo","London",1
"940","Malmo","Malmo",7
"941","Malmo","Monchengladbach",1
"942","Malmo","Munchen",6
"943","Malmo","Nurnberg",1
"944","Malmo","Oulu",5
"945","Malmo","Paris",11
"946","Malmo","Stockholm",5
"947","Malmo","Stuttgart",1
"948","Malmo","Tampere",1
"949","Malmo","Turku",4
"950","Manchester","Cambridge",2
"951","Manchester","Cologne",1
"952","Manchester","Dusseldorf",1
"953","Manchester","Eindhoven",3
"954","Manchester","Hamburg",1
"955","Manchester","Kiel",1
"956","Manchester","London",2
"957","Manchester","Manchester",1
"958","Manchester","Paris",1
"959","Manchester","Stuttgart",1
"960","Manchester","Turku",1
"961","Mannheim","Anvers",1
"962","Mannheim","Bale",2
"963","Mannheim","Berlin",1
"964","Mannheim","Cologne",3
"965","Mannheim","Dortmund",2
"966","Mannheim","Dusseldorf",1
"967","Mannheim","Eindhoven",2
"968","Mannheim","Frankfurt",3
"969","Mannheim","Freiburg",2
"970","Mannheim","Hamburg",1
"971","Mannheim","Helsinki",2
"972","Mannheim","Kiel",2
"973","Mannheim","London",5
"974","Mannheim","Mannheim",22
"975","Mannheim","Munchen",4
"976","Mannheim","Munster",1
"977","Mannheim","Paris",7
"978","Mannheim","Stuttgart",1
"979","Mannheim","Zurich",5
"980","Marseille","Berlin",1
"981","Marseille","Berne",2
"982","Marseille","Cologne",1
"983","Marseille","Eindhoven",2
"984","Marseille","Enschede",1
"985","Marseille","Erfurt",1
"986","Marseille","Helsinki",4
"987","Marseille","London",2
"988","Marseille","Marseille",4
"989","Marseille","Memmingen",2
"990","Marseille","Munchen",2
"991","Marseille","Paris",10
"992","Marseille","Stockholm",1
"993","Marseille","Strasbourg",1
"994","Marseille","Zurich",1
"995","Memmingen","Berlin",1
"996","Memmingen","Epinal",1
"997","Memmingen","Friedrichshafen",2
"998","Memmingen","Memmingen",2
"999","Memmingen","Munchen",2
"1000","Memmingen","Paderborn",1
"1001","Memmingen","Saint-Gall",1
"1002","Memmingen","Turku",1
"1003","Metz-Nancy","Karlsruhe",1
"1004","Metz-Nancy","Nurnberg",1
"1005","Milano","Amsterdam",8
"1006","Milano","Annecy",1
"1007","Milano","Anvers",3
"1008","Milano","Berlin",1
"1009","Milano","Brest",2
"1010","Milano","Bruxelles",1
"1011","Milano","Cologne",3
"1012","Milano","Den Haag",1
"1013","Milano","Dublin",1
"1014","Milano","Eindhoven",8
"1015","Milano","Essen",2
"1016","Milano","Freiburg",1
"1017","Milano","Geneve",1
"1018","Milano","Hamburg",1
"1019","Milano","Hannover",4
"1020","Milano","Helsinki",6
"1021","Milano","Karlsruhe",1
"1022","Milano","La Coruna",1
"1023","Milano","Leicester-Nottingham",1
"1024","Milano","London",11
"1025","Milano","Maidstone",1
"1026","Milano","Mannheim",3
"1027","Milano","Milano",34
"1028","Milano","Munchen",19
"1029","Milano","Oulu",2
"1030","Milano","Oxford",1
"1031","Milano","Paderborn",3
"1032","Milano","Paris",24
"1033","Milano","Parma",1
"1034","Milano","Pescara",1
"1035","Milano","Roma",2
"1036","Milano","Salzburg",1
"1037","Milano","San Sebastian",1
"1038","Milano","Sofia",1
"1039","Milano","Stockholm",4
"1040","Milano","Stuttgart",14
"1041","Milano","Torino",6
"1042","Milano","Vasteras",1
"1043","Milano","Vicenza",1
"1044","Milano","Zurich",5
"1045","Monchengladbach","Helsinki",2
"1046","Monchengladbach","London",2
"1047","Monchengladbach","Monchengladbach",2
"1048","Monchengladbach","Munchen",1
"1049","Monchengladbach","Paris",1
"1050","Monchengladbach","Stuttgart",2
"1051","Montpellier","Reims",1
"1052","Munchen","Alicante",1
"1053","Munchen","Amsterdam",27
"1054","Munchen","Ancona",2
"1055","Munchen","Annecy",1
"1056","Munchen","Anvers",9
"1057","Munchen","Bale",1
"1058","Munchen","Barcelone",1
"1059","Munchen","Bari",1
"1060","Munchen","Berlin",19
"1061","Munchen","Berne",12
"1062","Munchen","Birmingham",12
"1063","Munchen","Bournemouth",1
"1064","Munchen","Braunschweig",3
"1065","Munchen","Bruxelles",6
"1066","Munchen","Budapest",4
"1067","Munchen","Cambridge",1
"1068","Munchen","Clermont-Ferrand",2
"1069","Munchen","Cologne",16
"1070","Munchen","Copenhague",5
"1071","Munchen","Den Haag",7
"1072","Munchen","Dortmund",1
"1073","Munchen","Dublin",2
"1074","Munchen","Dusseldorf",6
"1075","Munchen","Edinburgh",1
"1076","Munchen","Eindhoven",83
"1077","Munchen","Enschede",4
"1078","Munchen","Essen",1
"1079","Munchen","Frankfurt",39
"1080","Munchen","Freiburg",7
"1081","Munchen","Friedrichshafen",1
"1082","Munchen","Geneve",2
"1083","Munchen","Gloucester",1
"1084","Munchen","Graz",1
"1085","Munchen","Grenoble",1
"1086","Munchen","Groningen",2
"1087","Munchen","Hamburg",25
"1088","Munchen","Hannover",5
"1089","Munchen","Helsinki",130
"1090","Munchen","Karlsruhe",2
"1091","Munchen","Katowice",1
"1092","Munchen","Kiel",7
"1093","Munchen","Liverpool",1
"1094","Munchen","London",74
"1095","Munchen","Lubeck",3
"1096","Munchen","Maastricht",1
"1097","Munchen","Madrid",2
"1098","Munchen","Manchester",1
"1099","Munchen","Milano",26
"1100","Munchen","Munchen",534
"1101","Munchen","Munster",1
"1102","Munchen","Nice",1
"1103","Munchen","Nurnberg",12
"1104","Munchen","Orleans",1
"1105","Munchen","Oulu",3
"1106","Munchen","Oxford",1
"1107","Munchen","Paderborn",6
"1108","Munchen","Palermo",6
"1109","Munchen","Paris",187
"1110","Munchen","Roma",2
"1111","Munchen","Saint-Brieuc",6
"1112","Munchen","Saint-Gall",2
"1113","Munchen","Saint-Moritz",1
"1114","Munchen","Schwerin",2
"1115","Munchen","Siegen",1
"1116","Munchen","Southampton",8
"1117","Munchen","Stockholm",38
"1118","Munchen","Stuttgart",80
"1119","Munchen","Swindon",2
"1120","Munchen","Tarragona",1
"1121","Munchen","Torino",12
"1122","Munchen","Turku",24
"1123","Munchen","Valence",1
"1124","Munchen","Verona",1
"1125","Munchen","Wien",3
"1126","Munchen","Zalaegerszeg",1
"1127","Munchen","Zurich",19
"1128","Munster","Edinburgh",3
"1129","Munster","Hannover",1
"1130","Munster","Helsinki",2
"1131","Munster","London",1
"1132","Munster","Milano",3
"1133","Munster","Turku",1
"1134","Nantes","Munchen",1
"1135","Nantes","Saint-Brieuc",2
"1136","Napoli","Amsterdam",1
"1137","Napoli","Paris",3
"1138","Napoli","Roma",1
"1139","Nice","Berne",1
"1140","Nice","Cambridge",1
"1141","Nice","Cologne",1
"1142","Nice","Helsinki",4
"1143","Nice","London",1
"1144","Nice","Nice",3
"1145","Nice","Nurnberg",1
"1146","Nice","Paris",2
"1147","Nice","Saint-Brieuc",2
"1148","Nice","Stuttgart",1
"1149","Nice","Torino",2
"1150","Nice","Turku",3
"1151","Nurnberg","Ancona",1
"1152","Nurnberg","Anvers",1
"1153","Nurnberg","Bale",1
"1154","Nurnberg","Berlin",1
"1155","Nurnberg","Bruxelles",1
"1156","Nurnberg","Den Haag",1
"1157","Nurnberg","Dortmund",2
"1158","Nurnberg","Dusseldorf",1
"1159","Nurnberg","Eindhoven",6
"1160","Nurnberg","Frankfurt",6
"1161","Nurnberg","Freiburg",1
"1162","Nurnberg","Hamburg",1
"1163","Nurnberg","Hannover",11
"1164","Nurnberg","Helsinki",4
"1165","Nurnberg","Liverpool",2
"1166","Nurnberg","London",11
"1167","Nurnberg","Manchester",1
"1168","Nurnberg","Mannheim",2
"1169","Nurnberg","Milano",1
"1170","Nurnberg","Munchen",7
"1171","Nurnberg","Nurnberg",16
"1172","Nurnberg","Paderborn",1
"1173","Nurnberg","Paris",9
"1174","Nurnberg","Saint-Gall",1
"1175","Nurnberg","Stockholm",2
"1176","Nurnberg","Stuttgart",13
"1177","Nurnberg","Torino",3
"1178","Nurnberg","Zurich",2
"1179","Orleans","Paris",1
"1180","Oslo","Helsinki",2
"1181","Oslo","London",1
"1182","Oslo","Oslo",1
"1183","Ostende-Bruges","Eindhoven",1
"1184","Ostende-Bruges","Paris",1
"1185","Ostende-Bruges","Stockholm",1
"1186","Oulu","Bale",2
"1187","Oulu","Birmingham",1
"1188","Oulu","Bruxelles",1
"1189","Oulu","Eindhoven",2
"1190","Oulu","Hamburg",1
"1191","Oulu","Helsinki",50
"1192","Oulu","London",3
"1193","Oulu","Malmo",4
"1194","Oulu","Milano",1
"1195","Oulu","Munchen",5
"1196","Oulu","Oulu",47
"1197","Oulu","Paris",10
"1198","Oulu","Southampton",1
"1199","Oulu","Stockholm",2
"1200","Oulu","Turku",1
"1201","Oxford","London",1
"1202","Paderborn","Berlin",3
"1203","Paderborn","Brighton",1
"1204","Paderborn","Cologne",2
"1205","Paderborn","Dusseldorf",2
"1206","Paderborn","Essen",2
"1207","Paderborn","Frankfurt",1
"1208","Paderborn","Freiburg",2
"1209","Paderborn","Limoges",1
"1210","Paderborn","Linz",1
"1211","Paderborn","Malmo",1
"1212","Paderborn","Munchen",8
"1213","Paderborn","Paderborn",9
"1214","Paderborn","Paris",2
"1215","Paderborn","Rzeszow",1
"1216","Paderborn","Stockholm",1
"1217","Paderborn","Stuttgart",2
"1218","Paderborn","Turku",2
"1219","Pamplona","Pamplona",1
"1220","Pamplona","Torino",1
"1221","Paris","Aalborg",2
"1222","Paris","Aberdeen",1
"1223","Paris","Amsterdam",71
"1224","Paris","Anvers",15
"1225","Paris","Bad Kreuznach",1
"1226","Paris","Bale",8
"1227","Paris","Barcelone",1
"1228","Paris","Berlin",29
"1229","Paris","Berne",18
"1230","Paris","Birmingham",16
"1231","Paris","Braunschweig",1
"1232","Paris","Bremen",1
"1233","Paris","Brest",10
"1234","Paris","Brighton",1
"1235","Paris","Bristol",4
"1236","Paris","Bruxelles",8
"1237","Paris","Cambridge",2
"1238","Paris","Chalon-sur-Saone",1
"1239","Paris","Charleroi",6
"1240","Paris","Cognac",2
"1241","Paris","Cologne",28
"1242","Paris","Copenhague",2
"1243","Paris","Den Haag",39
"1244","Paris","Dortmund",2
"1245","Paris","Dresden",1
"1246","Paris","Dublin",1
"1247","Paris","Dusseldorf",5
"1248","Paris","Edinburgh",1
"1249","Paris","Eindhoven",107
"1250","Paris","Emden",1
"1251","Paris","Enschede",7
"1252","Paris","Erfurt",2
"1253","Paris","Essen",1
"1254","Paris","Exeter",1
"1255","Paris","Frankfurt",26
"1256","Paris","Freiburg",7
"1257","Paris","Friedrichshafen",6
"1258","Paris","Gand",6
"1259","Paris","Geneve",8
"1260","Paris","Graz",1
"1261","Paris","Grenoble",1
"1262","Paris","Groningen",9
"1263","Paris","Hamburg",24
"1264","Paris","Hannover",11
"1265","Paris","Helsinki",238
"1266","Paris","Karlsruhe",4
"1267","Paris","Kiel",3
"1268","Paris","Leeds",2
"1269","Paris","Le Mans",1
"1270","Paris","Lille",1
"1271","Paris","Limoges",1
"1272","Paris","Linkoping",3
"1273","Paris","Liverpool",1
"1274","Paris","London",153
"1275","Paris","Lyon",3
"1276","Paris","Madrid",5
"1277","Paris","Malaga",3
"1278","Paris","Malmo",6
"1279","Paris","Mannheim",7
"1280","Paris","Marseille",6
"1281","Paris","Milano",42
"1282","Paris","Monchengladbach",3
"1283","Paris","Montpellier",1
"1284","Paris","Munchen",213
"1285","Paris","Munster",1
"1286","Paris","Nantes",1
"1287","Paris","Newcastle",1
"1288","Paris","Nice",1
"1289","Paris","Nurnberg",15
"1290","Paris","Oslo",6
"1291","Paris","Oulu",9
"1292","Paris","Oxford",1
"1293","Paris","Paderborn",3
"1294","Paris","Pamplona",1
"1295","Paris","Paris",1105
"1296","Paris","Parma",3
"1297","Paris","Reims",1
"1298","Paris","Roma",11
"1299","Paris","Rotterdam",4
"1300","Paris","Rouen",2
"1301","Paris","Saint-Brieuc",26
"1302","Paris","Saint-Gall",3
"1303","Paris","San Sebastian",1
"1304","Paris","Sevilla",1
"1305","Paris","Southampton",18
"1306","Paris","Stockholm",72
"1307","Paris","Stuttgart",92
"1308","Paris","Swindon",1
"1309","Paris","Torino",26
"1310","Paris","Toulouse",3
"1311","Paris","Turku",20
"1312","Paris","Valencia",1
"1313","Paris","Viborg",1
"1314","Paris","Warszawa",1
"1315","Paris","Wien",3
"1316","Paris","Zurich",24
"1317","Parma","Hannover",1
"1318","Parma","Parma",1
"1319","Parma","Stuttgart",2
"1320","Parma","Vicenza",1
"1321","Perugia","Groningen",1
"1322","Pisa","Copenhague",1
"1323","Praha","Geneve",1
"1324","Praha","Nurnberg",2
"1325","Reims","Berlin",1
"1326","Reims","Eindhoven",1
"1327","Reims","Hamburg",1
"1328","Reims","Lyon",2
"1329","Reims","Munchen",1
"1330","Reims","Zurich",1
"1331","Rennes","Barcelone",1
"1332","Rennes","Dublin",1
"1333","Rennes","Eindhoven",2
"1334","Rennes","Grenoble",2
"1335","Rennes","Helsinki",2
"1336","Rennes","London",2
"1337","Rennes","Lyon",1
"1338","Rennes","Munchen",1
"1339","Rennes","Nurnberg",2
"1340","Rennes","Paris",6
"1341","Rennes","Rennes",3
"1342","Rennes","Saint-Brieuc",1
"1343","Rennes","Torino",2
"1344","Rodez","Barcelone",2
"1345","Roma","Amsterdam",3
"1346","Roma","Bale",1
"1347","Roma","Brest",1
"1348","Roma","Cologne",1
"1349","Roma","Den Haag",1
"1350","Roma","Eindhoven",1
"1351","Roma","Helsinki",4
"1352","Roma","London",5
"1353","Roma","Milano",2
"1354","Roma","Munchen",1
"1355","Roma","Paris",16
"1356","Roma","Roma",6
"1357","Roma","Torino",1
"1358","Roma","Turku",1
"1359","Roma","Zurich",2
"1360","Rotterdam","Bale",1
"1361","Rotterdam","Bologna",2
"1362","Rotterdam","Eindhoven",1
"1363","Rotterdam","Essen",1
"1364","Rotterdam","Freiburg",2
"1365","Rotterdam","Helsinki",2
"1366","Rotterdam","London",1
"1367","Rotterdam","Milano",2
"1368","Rotterdam","Rotterdam",4
"1369","Rotterdam","Stuttgart",1
"1370","Rotterdam","Turku",1
"1371","Rouen","Lorient",1
"1372","Rouen","Paris",1
"1373","Rzeszow","Berlin",1
"1374","Rzeszow","Frankfurt",1
"1375","Rzeszow","Freiburg",1
"1376","Rzeszow","Helsinki",4
"1377","Rzeszow","Karlsruhe",1
"1378","Rzeszow","London",1
"1379","Rzeszow","Rzeszow",2
"1380","Rzeszow","Stuttgart",3
"1381","Rzeszow","Swindon",1
"1382","Saarbrucken","Strasbourg",2
"1383","Saarbrucken","Turku",1
"1384","Saint-Brieuc","Munchen",3
"1385","Saint-Brieuc","Paris",4
"1386","Saint-Brieuc","Saint-Brieuc",12
"1387","Saint-Etienne","Munchen",1
"1388","Saint-Etienne","Paris",4
"1389","Saint-Gall","Munchen",1
"1390","Saint-Gall","Paris",4
"1391","Saint-Gall","Saint-Gall",1
"1392","Saint-Gall","Stuttgart",2
"1393","Salzburg","Berlin",1
"1394","Salzburg","Hannover",1
"1395","Salzburg","Helsinki",2
"1396","San Sebastian","Courtrai",1
"1397","San Sebastian","La Coruna",2
"1398","San Sebastian","Oulu",3
"1399","San Sebastian","San Sebastian",2
"1400","Santander","Bruxelles",2
"1401","Savona","Cologne",1
"1402","Savona","Stockholm",1
"1403","Schwerin","Copenhague",2
"1404","Schwerin","Freiburg",1
"1405","Schwerin","Hamburg",1
"1406","Schwerin","Mannheim",1
"1407","Southampton","Amsterdam",1
"1408","Southampton","Anvers",1
"1409","Southampton","Birmingham",1
"1410","Southampton","Cologne",1
"1411","Southampton","Eindhoven",4
"1412","Southampton","Frankfurt",1
"1413","Southampton","Friedrichshafen",1
"1414","Southampton","Helsinki",4
"1415","Southampton","London",7
"1416","Southampton","Munchen",7
"1417","Southampton","Pamplona",1
"1418","Southampton","Paris",4
"1419","Southampton","Southampton",7
"1420","Southampton","Stockholm",3
"1421","Southampton","Stuttgart",4
"1422","Southampton","Torino",1
"1423","Southampton","Turku",1
"1424","Southampton","Zurich",1
"1425","Stavanger","Munchen",1
"1426","Stockholm","Amsterdam",6
"1427","Stockholm","Anvers",2
"1428","Stockholm","Augsburg",1
"1429","Stockholm","Barcelone",4
"1430","Stockholm","Berlin",5
"1431","Stockholm","Berne",6
"1432","Stockholm","Birmingham",1
"1433","Stockholm","Brest",1
"1434","Stockholm","Bristol",2
"1435","Stockholm","Bruxelles",1
"1436","Stockholm","Cambridge",1
"1437","Stockholm","Chalon-sur-Saone",1
"1438","Stockholm","Charleroi",1
"1439","Stockholm","Cologne",2
"1440","Stockholm","Den Haag",7
"1441","Stockholm","Eindhoven",13
"1442","Stockholm","Frankfurt",5
"1443","Stockholm","Friedrichshafen",1
"1444","Stockholm","Geneve",3
"1445","Stockholm","Hamburg",4
"1446","Stockholm","Hannover",3
"1447","Stockholm","Helsinki",82
"1448","Stockholm","Kiel",1
"1449","Stockholm","Liege",2
"1450","Stockholm","London",19
"1451","Stockholm","Madrid",1
"1452","Stockholm","Malmo",2
"1453","Stockholm","Mannheim",1
"1454","Stockholm","Milano",6
"1455","Stockholm","Munchen",23
"1456","Stockholm","Nice",2
"1457","Stockholm","Nurnberg",2
"1458","Stockholm","Oulu",6
"1459","Stockholm","Paderborn",1
"1460","Stockholm","Paris",53
"1461","Stockholm","Rennes",1
"1462","Stockholm","Roma",1
"1463","Stockholm","Saint-Brieuc",1
"1464","Stockholm","Saint-Gall",2
"1465","Stockholm","Southampton",8
"1466","Stockholm","Stockholm",60
"1467","Stockholm","Stuttgart",10
"1468","Stockholm","Torino",2
"1469","Stockholm","Turku",5
"1470","Stockholm","Wien",1
"1471","Stockholm","Zurich",4
"1472","Strasbourg","Berne",1
"1473","Strasbourg","Eindhoven",1
"1474","Strasbourg","Leicester-Nottingham",1
"1475","Strasbourg","London",1
"1476","Strasbourg","Munchen",1
"1477","Strasbourg","Paris",3
"1478","Strasbourg","Zurich",1
"1479","Stuttgart","Amsterdam",14
"1480","Stuttgart","Ancona",1
"1481","Stuttgart","Anvers",1
"1482","Stuttgart","Berlin",6
"1483","Stuttgart","Berne",1
"1484","Stuttgart","Birmingham",4
"1485","Stuttgart","Bournemouth",1
"1486","Stuttgart","Braunschweig",2
"1487","Stuttgart","Brest",1
"1488","Stuttgart","Cardiff",1
"1489","Stuttgart","Cologne",7
"1490","Stuttgart","Den Haag",2
"1491","Stuttgart","Dusseldorf",1
"1492","Stuttgart","Eindhoven",33
"1493","Stuttgart","Enschede",1
"1494","Stuttgart","Erfurt",1
"1495","Stuttgart","Frankfurt",28
"1496","Stuttgart","Freiburg",4
"1497","Stuttgart","Friedrichshafen",1
"1498","Stuttgart","Graz",1
"1499","Stuttgart","Groningen",1
"1500","Stuttgart","Hamburg",7
"1501","Stuttgart","Hannover",28
"1502","Stuttgart","Helsinki",24
"1503","Stuttgart","Hof",1
"1504","Stuttgart","Karlsruhe",4
"1505","Stuttgart","Kiel",3
"1506","Stuttgart","Leeds",1
"1507","Stuttgart","Lille",2
"1508","Stuttgart","London",31
"1509","Stuttgart","Maidstone",1
"1510","Stuttgart","Manchester",3
"1511","Stuttgart","Mannheim",1
"1512","Stuttgart","Marseille",1
"1513","Stuttgart","Milano",10
"1514","Stuttgart","Munchen",80
"1515","Stuttgart","Napoli",1
"1516","Stuttgart","Nice",1
"1517","Stuttgart","Nurnberg",25
"1518","Stuttgart","Oulu",2
"1519","Stuttgart","Paderborn",3
"1520","Stuttgart","Paris",70
"1521","Stuttgart","Parma",4
"1522","Stuttgart","Rennes",1
"1523","Stuttgart","Roma",2
"1524","Stuttgart","Rotterdam",1
"1525","Stuttgart","Stockholm",11
"1526","Stuttgart","Stuttgart",128
"1527","Stuttgart","Torino",3
"1528","Stuttgart","Troyes",1
"1529","Stuttgart","Turku",11
"1530","Stuttgart","Vicenza",1
"1531","Stuttgart","Wien",1
"1532","Stuttgart","Zurich",13
"1533","Swansea","Eindhoven",1
"1534","Swindon","Amsterdam",1
"1535","Swindon","Eindhoven",4
"1536","Swindon","Freiburg",2
"1537","Swindon","Geneve",1
"1538","Swindon","Leicester-Nottingham",1
"1539","Swindon","London",3
"1540","Swindon","Munchen",1
"1541","Swindon","Paris",3
"1542","Swindon","Southampton",1
"1543","Swindon","Stuttgart",3
"1544","Swindon","Swindon",2
"1545","Tampere","Braunschweig",1
"1546","Tampere","Paris",2
"1547","Tampere","Southampton",1
"1548","Torino","Bale",1
"1549","Torino","Berlin",1
"1550","Torino","Berne",2
"1551","Torino","Besancon",1
"1552","Torino","Cuneo",1
"1553","Torino","Eindhoven",1
"1554","Torino","Frankfurt",1
"1555","Torino","Grenoble",1
"1556","Torino","Helsinki",2
"1557","Torino","Karlsruhe",1
"1558","Torino","Leeds",2
"1559","Torino","Linz",1
"1560","Torino","London",9
"1561","Torino","Madrid",4
"1562","Torino","Milano",6
"1563","Torino","Munchen",5
"1564","Torino","Pamplona",1
"1565","Torino","Paris",13
"1566","Torino","Rennes",1
"1567","Torino","Saint-Brieuc",3
"1568","Torino","Southampton",2
"1569","Torino","Stockholm",1
"1570","Torino","Stuttgart",2
"1571","Torino","Torino",30
"1572","Torino","Troyes",2
"1573","Toulouse","Amsterdam",1
"1574","Toulouse","Cologne",1
"1575","Toulouse","Helsinki",2
"1576","Toulouse","Memmingen",2
"1577","Toulouse","Paris",2
"1578","Toulouse","Saarbrucken",1
"1579","Toulouse","Stuttgart",1
"1580","Toulouse","Toulouse",1
"1581","Trieste","Milano",1
"1582","Trondheim","Munchen",1
"1583","Turku","Bale",1
"1584","Turku","Berne",1
"1585","Turku","Birmingham",1
"1586","Turku","Brest",1
"1587","Turku","Copenhague",2
"1588","Turku","Eindhoven",7
"1589","Turku","Enschede",1
"1590","Turku","Frankfurt",1
"1591","Turku","Freiburg",1
"1592","Turku","Groningen",1
"1593","Turku","Hamburg",3
"1594","Turku","Hannover",1
"1595","Turku","Kiel",3
"1596","Turku","London",8
"1597","Turku","Malmo",3
"1598","Turku","Milano",6
"1599","Turku","Munchen",10
"1600","Turku","Napoli",1
"1601","Turku","Nurnberg",3
"1602","Turku","Paris",6
"1603","Turku","Southampton",3
"1604","Turku","Stockholm",6
"1605","Turku","Stuttgart",12
"1606","Turku","Turku",12
"1607","Udine","Stuttgart",2
"1608","Umea","Malmo",1
"1609","Valence","Newcastle",1
"1610","Valence","Paris",1
"1611","Valence","Torino",2
"1612","Valence","Valence",6
"1613","Valencia","Paris",1
"1614","Valencia","Poitiers",1
"1615","Valencia","Valencia",1
"1616","Vasteras","Paris",2
"1617","Venezia","Berne",1
"1618","Venezia","Braunschweig",2
"1619","Venezia","Eindhoven",1
"1620","Venezia","Frankfurt",1
"1621","Venezia","Grenoble",1
"1622","Venezia","Helsinki",6
"1623","Venezia","London",2
"1624","Venezia","Milano",1
"1625","Venezia","Munchen",1
"1626","Venezia","Munster",1
"1627","Venezia","Paris",5
"1628","Venezia","Stuttgart",4
"1629","Verona","Amsterdam",1
"1630","Verona","Brighton",1
"1631","Viborg","Venezia",1
"1632","Vicenza","Stuttgart",1
"1633","Vigo","Paris",1
"1634","Warszawa","Helsinki",2
"1635","Warszawa","Paris",1
"1636","Warszawa","Stockholm",1
"1637","Waterford","Paris",1
"1638","Wien","Berne",1
"1639","Wien","Eindhoven",1
"1640","Wien","Frankfurt",1
"1641","Wien","Hamburg",2
"1642","Wien","Hannover",1
"1643","Wien","Kiel",1
"1644","Wien","London",2
"1645","Wien","Mannheim",1
"1646","Wien","Munchen",12
"1647","Wien","Oslo",2
"1648","Wien","Paris",6
"1649","Wien","Southampton",1
"1650","Wien","Stockholm",5
"1651","Wien","Stuttgart",6
"1652","Wien","Wien",1
"1653","Wien","Zurich",1
"1654","Zaragoza","Munchen",1
"1655","Zaragoza","Paris",2
"1656","Zaragoza","Udine",1
"1657","Zurich","Amsterdam",1
"1658","Zurich","Anvers",3
"1659","Zurich","Augsburg",1
"1660","Zurich","Barcelone",1
"1661","Zurich","Berlin",3
"1662","Zurich","Berne",12
"1663","Zurich","Bilbao",1
"1664","Zurich","Birmingham",1
"1665","Zurich","Braunschweig",1
"1666","Zurich","Cardiff",2
"1667","Zurich","Cologne",3
"1668","Zurich","Copenhague",1
"1669","Zurich","Dortmund",1
"1670","Zurich","Dusseldorf",1
"1671","Zurich","Eindhoven",5
"1672","Zurich","Frankfurt",5
"1673","Zurich","Friedrichshafen",1
"1674","Zurich","Gand",1
"1675","Zurich","Graz",1
"1676","Zurich","Grenoble",3
"1677","Zurich","Hamburg",1
"1678","Zurich","Hannover",5
"1679","Zurich","Helsinki",14
"1680","Zurich","Liverpool",1
"1681","Zurich","London",7
"1682","Zurich","Lugano",2
"1683","Zurich","Monchengladbach",1
"1684","Zurich","Munchen",26
"1685","Zurich","Nurnberg",1
"1686","Zurich","Paris",12
"1687","Zurich","Salzburg",1
"1688","Zurich","Stockholm",6
"1689","Zurich","Stuttgart",14
"1690","Zurich","Swindon",2
"1691","Zurich","Valencia",1
"1692","Zurich","Vicenza",1
"1693","Zurich","Wien",3
"1694","Zurich","Zurich",41
